PVCZ,GHI_mean
T6:H4,3.7284976958525347
T7:H4,3.999569940476191
T8:H4,4.3415937499999995
