PVCZ,Alpha,Mean_Calendar_Year,Mean_System_Age
T6:H4,2.4928,2038.871222331135,18.82965317644538
T6:H4,5.3759,2039.0252545689502,19.218528954626706
T7:H4,2.4928,2036.6385827738018,17.666184014127353
T7:H4,5.3759,2036.424212083987,17.670722086338717
T8:H4,2.4928,2037.0073448307264,15.959154146438864
T8:H4,5.3759,2037.2449317698868,16.30397340902704
